study	label	count	group	measurement	tissue	substance	intervention	time	time_unit	mean	sd	se	unit	method
Kim2016	caffeine_control	15.0	all	concentration	plasma	caffeine	caffeine200mg, losartan50mg, omeprazole20mg, dex15mg, midazolam7.5mg, fexofenadine30mg	0.0	hr	0.0	NA	NA	ng/ml	LC/MS
Kim2016	caffeine_control	15.0	all	concentration	plasma	caffeine	caffeine200mg, losartan50mg, omeprazole20mg, dex15mg, midazolam7.5mg, fexofenadine30mg	0.25	hr	3258.0146	1712.33927625694	442.1241	ng/ml	LC/MS
Kim2016	caffeine_control	15.0	all	concentration	plasma	caffeine	caffeine200mg, losartan50mg, omeprazole20mg, dex15mg, midazolam7.5mg, fexofenadine30mg	0.5	hr	5342.092	1369.95166922049	353.72	ng/ml	LC/MS
Kim2016	caffeine_control	15.0	all	concentration	plasma	caffeine	caffeine200mg, losartan50mg, omeprazole20mg, dex15mg, midazolam7.5mg, fexofenadine30mg	1.0	hr	5190.2505	1321.03162927621	341.0889	ng/ml	LC/MS
Kim2016	caffeine_control	15.0	all	concentration	plasma	caffeine	caffeine200mg, losartan50mg, omeprazole20mg, dex15mg, midazolam7.5mg, fexofenadine30mg	1.5	hr	5000.5845	1125.13845541504	290.5095	ng/ml	LC/MS
Kim2016	caffeine_control	15.0	all	concentration	plasma	caffeine	caffeine200mg, losartan50mg, omeprazole20mg, dex15mg, midazolam7.5mg, fexofenadine30mg	2.0	hr	4671.8486	1027.56444948237	265.316	ng/ml	LC/MS
Kim2016	caffeine_control	15.0	all	concentration	plasma	caffeine	caffeine200mg, losartan50mg, omeprazole20mg, dex15mg, midazolam7.5mg, fexofenadine30mg	3.0	hr	4418.745	782.88756469071	202.1407	ng/ml	LC/MS
Kim2016	caffeine_control	15.0	all	concentration	plasma	caffeine	caffeine200mg, losartan50mg, omeprazole20mg, dex15mg, midazolam7.5mg, fexofenadine30mg	4.0	hr	3938.1853	1125.34294893572	290.5623	ng/ml	LC/MS
Kim2016	caffeine_control	15.0	all	concentration	plasma	caffeine	caffeine200mg, losartan50mg, omeprazole20mg, dex15mg, midazolam7.5mg, fexofenadine30mg	5.0	hr	3394.5024	880.732292159286	227.4041	ng/ml	LC/MS
Kim2016	caffeine_control	15.0	all	concentration	plasma	caffeine	caffeine200mg, losartan50mg, omeprazole20mg, dex15mg, midazolam7.5mg, fexofenadine30mg	6.0	hr	2737.1177	636.121248084514	164.2458	ng/ml	LC/MS
Kim2016	caffeine_control	15.0	all	concentration	plasma	caffeine	caffeine200mg, losartan50mg, omeprazole20mg, dex15mg, midazolam7.5mg, fexofenadine30mg	8.0	hr	2306.6133	880.596737742169	227.3691	ng/ml	LC/MS
Kim2016	caffeine_control	15.0	all	concentration	plasma	caffeine	caffeine200mg, losartan50mg, omeprazole20mg, dex15mg, midazolam7.5mg, fexofenadine30mg	10.0	hr	1863.425	685.178778937585	176.9124	ng/ml	LC/MS
Kim2016	caffeine_control	15.0	all	concentration	plasma	caffeine	caffeine200mg, losartan50mg, omeprazole20mg, dex15mg, midazolam7.5mg, fexofenadine30mg	12.0	hr	1407.64	831.877318335222	214.7898	ng/ml	LC/MS
Kim2016	caffeine_control	15.0	all	concentration	plasma	caffeine	caffeine200mg, losartan50mg, omeprazole20mg, dex15mg, midazolam7.5mg, fexofenadine30mg	24.0	hr	453.9356	636.256802501632	164.2808	ng/ml	LC/MS
Kim2016	caffeine_ginseng	15.0	all	concentration	plasma	caffeine	caffeine200mg, losartan50mg, omeprazole20mg, dex15mg, midazolam7.5mg, fexofenadine30mg,ginseng	0.0	hr	0.0	NA	NA	ng/ml	LC/MS
Kim2016	caffeine_ginseng	15.0	all	concentration	plasma	caffeine	caffeine200mg, losartan50mg, omeprazole20mg, dex15mg, midazolam7.5mg, fexofenadine30mg,ginseng	0.25	hr	2714.8726	978.508855120969	252.6499	ng/ml	LC/MS
Kim2016	caffeine_ginseng	15.0	all	concentration	plasma	caffeine	caffeine200mg, losartan50mg, omeprazole20mg, dex15mg, midazolam7.5mg, fexofenadine30mg,ginseng	0.5	hr	5784.2505	929.653493998571	240.0355	ng/ml	LC/MS
Kim2016	caffeine_ginseng	15.0	all	concentration	plasma	caffeine	caffeine200mg, losartan50mg, omeprazole20mg, dex15mg, midazolam7.5mg, fexofenadine30mg,ginseng	1.0	hr	5632.392	831.810703021667	214.7726	ng/ml	LC/MS
Kim2016	caffeine_ginseng	15.0	all	concentration	plasma	caffeine	caffeine200mg, losartan50mg, omeprazole20mg, dex15mg, midazolam7.5mg, fexofenadine30mg,ginseng	1.5	hr	5316.34	782.888726585713	202.141	ng/ml	LC/MS
Kim2016	caffeine_ginseng	15.0	all	concentration	plasma	caffeine	caffeine200mg, losartan50mg, omeprazole20mg, dex15mg, midazolam7.5mg, fexofenadine30mg,ginseng	2.0	hr	4974.9897	538.278844405945	138.983	ng/ml	LC/MS
Kim2016	caffeine_ginseng	15.0	all	concentration	plasma	caffeine	caffeine200mg, losartan50mg, omeprazole20mg, dex15mg, midazolam7.5mg, fexofenadine30mg,ginseng	3.0	hr	4545.0264	782.887177392379	202.140600000001	ng/ml	LC/MS
Kim2016	caffeine_ginseng	15.0	all	concentration	plasma	caffeine	caffeine200mg, losartan50mg, omeprazole20mg, dex15mg, midazolam7.5mg, fexofenadine30mg,ginseng	4.0	hr	4190.8003	684.97467271524	176.8597	ng/ml	LC/MS
Kim2016	caffeine_ginseng	15.0	all	concentration	plasma	caffeine	caffeine200mg, losartan50mg, omeprazole20mg, dex15mg, midazolam7.5mg, fexofenadine30mg,ginseng	5.0	hr	3748.1702	684.976221908578	176.8601	ng/ml	LC/MS
Kim2016	caffeine_ginseng	15.0	all	concentration	plasma	caffeine	caffeine200mg, losartan50mg, omeprazole20mg, dex15mg, midazolam7.5mg, fexofenadine30mg,ginseng	6.0	hr	3393.979	684.841054789796	176.8252	ng/ml	LC/MS
Kim2016	caffeine_ginseng	15.0	all	concentration	plasma	caffeine	caffeine200mg, losartan50mg, omeprazole20mg, dex15mg, midazolam7.5mg, fexofenadine30mg,ginseng	8.0	hr	2685.5269	538.277295212607	138.9826	ng/ml	LC/MS
Kim2016	caffeine_ginseng	15.0	all	concentration	plasma	caffeine	caffeine200mg, losartan50mg, omeprazole20mg, dex15mg, midazolam7.5mg, fexofenadine30mg,ginseng	10.0	hr	2002.4252	342.251665321003	88.3689999999999	ng/ml	LC/MS
Kim2016	caffeine_ginseng	15.0	all	concentration	plasma	caffeine	caffeine200mg, losartan50mg, omeprazole20mg, dex15mg, midazolam7.5mg, fexofenadine30mg,ginseng	12.0	hr	1736.062	391.443975994522	101.0704	ng/ml	LC/MS
Kim2016	caffeine_ginseng	15.0	all	concentration	plasma	caffeine	caffeine200mg, losartan50mg, omeprazole20mg, dex15mg, midazolam7.5mg, fexofenadine30mg,ginseng	24.0	hr	618.1466	342.65693429835	88.4736399999999	ng/ml	LC/MS
Kim2016	paraxanthine_control	15.0	all	concentration	plasma	paraxanthine	caffeine200mg, losartan50mg, omeprazole20mg, dex15mg, midazolam7.5mg, fexofenadine30mg	0.0	hr	0.0	NA	NA	ng/ml	LC/MS
Kim2016	paraxanthine_control	15.0	all	concentration	plasma	paraxanthine	caffeine200mg, losartan50mg, omeprazole20mg, dex15mg, midazolam7.5mg, fexofenadine30mg	0.25	hr	221.26437	411.782676928296	106.32183	ng/ml	LC/MS
Kim2016	paraxanthine_control	15.0	all	concentration	plasma	paraxanthine	caffeine200mg, losartan50mg, omeprazole20mg, dex15mg, midazolam7.5mg, fexofenadine30mg	0.5	hr	428.16092	400.653465633802	103.44828	ng/ml	LC/MS
Kim2016	paraxanthine_control	15.0	all	concentration	plasma	paraxanthine	caffeine200mg, losartan50mg, omeprazole20mg, dex15mg, midazolam7.5mg, fexofenadine30mg	1.0	hr	629.31036	300.490021765685	77.5861900000001	ng/ml	LC/MS
Kim2016	paraxanthine_control	15.0	all	concentration	plasma	paraxanthine	caffeine200mg, losartan50mg, omeprazole20mg, dex15mg, midazolam7.5mg, fexofenadine30mg	1.5	hr	833.3333	233.714637809218	60.34486	ng/ml	LC/MS
Kim2016	paraxanthine_control	15.0	all	concentration	plasma	paraxanthine	caffeine200mg, losartan50mg, omeprazole20mg, dex15mg, midazolam7.5mg, fexofenadine30mg	2.0	hr	939.65515	178.068348957746	45.97705	ng/ml	LC/MS
Kim2016	paraxanthine_control	15.0	all	concentration	plasma	paraxanthine	caffeine200mg, losartan50mg, omeprazole20mg, dex15mg, midazolam7.5mg, fexofenadine30mg	3.0	hr	1169.5403	166.938750364918	43.1034000000002	ng/ml	LC/MS
Kim2016	paraxanthine_control	15.0	all	concentration	plasma	paraxanthine	caffeine200mg, losartan50mg, omeprazole20mg, dex15mg, midazolam7.5mg, fexofenadine30mg	4.0	hr	1284.4828	211.455595542894	54.5976000000001	ng/ml	LC/MS
Kim2016	paraxanthine_control	15.0	all	concentration	plasma	paraxanthine	caffeine200mg, losartan50mg, omeprazole20mg, dex15mg, midazolam7.5mg, fexofenadine30mg	5.0	hr	1362.069	178.068155308579	45.9770000000001	ng/ml	LC/MS
Kim2016	paraxanthine_control	15.0	all	concentration	plasma	paraxanthine	caffeine200mg, losartan50mg, omeprazole20mg, dex15mg, midazolam7.5mg, fexofenadine30mg	6.0	hr	1321.8391	133.551310130601	34.4828	ng/ml	LC/MS
Kim2016	paraxanthine_control	15.0	all	concentration	plasma	paraxanthine	caffeine200mg, losartan50mg, omeprazole20mg, dex15mg, midazolam7.5mg, fexofenadine30mg	8.0	hr	1390.8046	178.068155308579	45.9770000000001	ng/ml	LC/MS
Kim2016	paraxanthine_control	15.0	all	concentration	plasma	paraxanthine	caffeine200mg, losartan50mg, omeprazole20mg, dex15mg, midazolam7.5mg, fexofenadine30mg	10.0	hr	1341.954	155.810120017924	40.23	ng/ml	LC/MS
Kim2016	paraxanthine_control	15.0	all	concentration	plasma	paraxanthine	caffeine200mg, losartan50mg, omeprazole20mg, dex15mg, midazolam7.5mg, fexofenadine30mg	12.0	hr	1189.6552	211.455982841229	54.5977	ng/ml	LC/MS
Kim2016	paraxanthine_control	15.0	all	concentration	plasma	paraxanthine	caffeine200mg, losartan50mg, omeprazole20mg, dex15mg, midazolam7.5mg, fexofenadine30mg	24.0	hr	589.08044	211.456060300896	54.5977200000001	ng/ml	LC/MS
Kim2016	paraxanthine_ginseng	15.0	all	concentration	plasma	paraxanthine	caffeine200mg, losartan50mg, omeprazole20mg, dex15mg, midazolam7.5mg, fexofenadine30mg,ginseng	0.0	hr	0.0	NA	NA	ng/ml	LC/MS
Kim2016	paraxanthine_ginseng	15.0	all	concentration	plasma	paraxanthine	caffeine200mg, losartan50mg, omeprazole20mg, dex15mg, midazolam7.5mg, fexofenadine30mg,ginseng	0.25	hr	293.10345	111.292616432778	28.73563	ng/ml	LC/MS
Kim2016	paraxanthine_ginseng	15.0	all	concentration	plasma	paraxanthine	caffeine200mg, losartan50mg, omeprazole20mg, dex15mg, midazolam7.5mg, fexofenadine30mg,ginseng	0.5	hr	517.2414	166.938944014084	43.10345	ng/ml	LC/MS
Kim2016	paraxanthine_ginseng	15.0	all	concentration	plasma	paraxanthine	caffeine200mg, losartan50mg, omeprazole20mg, dex15mg, midazolam7.5mg, fexofenadine30mg,ginseng	1.0	hr	735.6322	222.585194135723	57.4712499999999	ng/ml	LC/MS
Kim2016	paraxanthine_ginseng	15.0	all	concentration	plasma	paraxanthine	caffeine200mg, losartan50mg, omeprazole20mg, dex15mg, midazolam7.5mg, fexofenadine30mg,ginseng	1.5	hr	827.5862	244.843810373879	63.2184000000001	ng/ml	LC/MS
Kim2016	paraxanthine_ginseng	15.0	all	concentration	plasma	paraxanthine	caffeine200mg, losartan50mg, omeprazole20mg, dex15mg, midazolam7.5mg, fexofenadine30mg,ginseng	2.0	hr	931.0345	200.326577897567	51.7241	ng/ml	LC/MS
Kim2016	paraxanthine_ginseng	15.0	all	concentration	plasma	paraxanthine	caffeine200mg, losartan50mg, omeprazole20mg, dex15mg, midazolam7.5mg, fexofenadine30mg,ginseng	3.0	hr	1089.0804	300.490060495518	77.5862	ng/ml	LC/MS
Kim2016	paraxanthine_ginseng	15.0	all	concentration	plasma	paraxanthine	caffeine200mg, losartan50mg, omeprazole20mg, dex15mg, midazolam7.5mg, fexofenadine30mg,ginseng	4.0	hr	1206.8966	244.843810373879	63.2184	ng/ml	LC/MS
Kim2016	paraxanthine_ginseng	15.0	all	concentration	plasma	paraxanthine	caffeine200mg, losartan50mg, omeprazole20mg, dex15mg, midazolam7.5mg, fexofenadine30mg,ginseng	5.0	hr	1316.0919	200.326577897567	51.7241000000001	ng/ml	LC/MS
Kim2016	paraxanthine_ginseng	15.0	all	concentration	plasma	paraxanthine	caffeine200mg, losartan50mg, omeprazole20mg, dex15mg, midazolam7.5mg, fexofenadine30mg,ginseng	6.0	hr	1408.046	111.292500243278	28.7356	ng/ml	LC/MS
Kim2016	paraxanthine_ginseng	15.0	all	concentration	plasma	paraxanthine	caffeine200mg, losartan50mg, omeprazole20mg, dex15mg, midazolam7.5mg, fexofenadine30mg,ginseng	8.0	hr	1321.8391	189.19756025224	48.8506	ng/ml	LC/MS
Kim2016	paraxanthine_ginseng	15.0	all	concentration	plasma	paraxanthine	caffeine200mg, losartan50mg, omeprazole20mg, dex15mg, midazolam7.5mg, fexofenadine30mg,ginseng	10.0	hr	1146.5518	189.197172953905	48.8505	ng/ml	LC/MS
Kim2016	paraxanthine_ginseng	15.0	all	concentration	plasma	paraxanthine	caffeine200mg, losartan50mg, omeprazole20mg, dex15mg, midazolam7.5mg, fexofenadine30mg,ginseng	12.0	hr	1192.5287	166.939137663251	43.1034999999999	ng/ml	LC/MS
Kim2016	paraxanthine_ginseng	15.0	all	concentration	plasma	paraxanthine	caffeine200mg, losartan50mg, omeprazole20mg, dex15mg, midazolam7.5mg, fexofenadine30mg,ginseng	24.0	hr	701.1494	155.80984890909	40.22993	ng/ml	LC/MS
Kim2016	losartan_control	15.0	all	concentration	plasma	losartan	caffeine200mg, losartan50mg, omeprazole20mg, dex15mg, midazolam7.5mg, fexofenadine30mg	0.0	hr	0.0	NA	NA	ng/ml	LC/MS
Kim2016	losartan_control	15.0	all	concentration	plasma	losartan	caffeine200mg, losartan50mg, omeprazole20mg, dex15mg, midazolam7.5mg, fexofenadine30mg	0.25	hr	36.99187	29.9132812211673	7.723576	ng/ml	LC/MS
Kim2016	losartan_control	15.0	all	concentration	plasma	losartan	caffeine200mg, losartan50mg, omeprazole20mg, dex15mg, midazolam7.5mg, fexofenadine30mg	0.5	hr	112.60162	44.0827612045344	11.38212	ng/ml	LC/MS
Kim2016	losartan_control	15.0	all	concentration	plasma	losartan	caffeine200mg, losartan50mg, omeprazole20mg, dex15mg, midazolam7.5mg, fexofenadine30mg	1.0	hr	116.666664	44.082745712601	11.382116	ng/ml	LC/MS
Kim2016	losartan_control	15.0	all	concentration	plasma	losartan	caffeine200mg, losartan50mg, omeprazole20mg, dex15mg, midazolam7.5mg, fexofenadine30mg	1.5	hr	176.82927	56.6777805060678	14.63414	ng/ml	LC/MS
Kim2016	losartan_control	15.0	all	concentration	plasma	losartan	caffeine200mg, losartan50mg, omeprazole20mg, dex15mg, midazolam7.5mg, fexofenadine30mg	2.0	hr	168.69919	51.9546385855344	13.41463	ng/ml	LC/MS
Kim2016	losartan_control	15.0	all	concentration	plasma	losartan	caffeine200mg, losartan50mg, omeprazole20mg, dex15mg, midazolam7.5mg, fexofenadine30mg	3.0	hr	94.308945	26.7645031578839	6.91056500000001	ng/ml	LC/MS
Kim2016	losartan_control	15.0	all	concentration	plasma	losartan	caffeine200mg, losartan50mg, omeprazole20mg, dex15mg, midazolam7.5mg, fexofenadine30mg	4.0	hr	56.09756	14.1694489995003	3.658536	ng/ml	LC/MS
Kim2016	losartan_control	15.0	all	concentration	plasma	losartan	caffeine200mg, losartan50mg, omeprazole20mg, dex15mg, midazolam7.5mg, fexofenadine30mg	5.0	hr	42.276424	15.7438360946503	4.065041	ng/ml	LC/MS
Kim2016	losartan_control	15.0	all	concentration	plasma	losartan	caffeine200mg, losartan50mg, omeprazole20mg, dex15mg, midazolam7.5mg, fexofenadine30mg	6.0	hr	23.577236	14.1694528724836	3.658537	ng/ml	LC/MS
Kim2016	losartan_control	15.0	all	concentration	plasma	losartan	caffeine200mg, losartan50mg, omeprazole20mg, dex15mg, midazolam7.5mg, fexofenadine30mg	8.0	hr	8.9430895	11.0206844916586	2.8455285	ng/ml	LC/MS
Kim2016	losartan_control	15.0	all	concentration	plasma	losartan	caffeine200mg, losartan50mg, omeprazole20mg, dex15mg, midazolam7.5mg, fexofenadine30mg	10.0	hr	4.4715447	9.4463004948952	2.4390243	ng/ml	LC/MS
Kim2016	losartan_control	15.0	all	concentration	plasma	losartan	caffeine200mg, losartan50mg, omeprazole20mg, dex15mg, midazolam7.5mg, fexofenadine30mg	12.0	hr	2.4390244	9.44630165679021	2.4390246	ng/ml	LC/MS
Kim2016	losartan_ginseng	15.0	all	concentration	plasma	losartan	caffeine200mg, losartan50mg, omeprazole20mg, dex15mg, midazolam7.5mg, fexofenadine30mg,ginseng	0.0	hr	0.0	NA	NA	ng/ml	LC/MS
Kim2016	losartan_ginseng	15.0	all	concentration	plasma	losartan	caffeine200mg, losartan50mg, omeprazole20mg, dex15mg, midazolam7.5mg, fexofenadine30mg,ginseng	0.25	hr	37.398373	33.0620592844507	8.536587	ng/ml	LC/MS
Kim2016	losartan_ginseng	15.0	all	concentration	plasma	losartan	caffeine200mg, losartan50mg, omeprazole20mg, dex15mg, midazolam7.5mg, fexofenadine30mg,ginseng	0.5	hr	111.38211	44.0827612045344	11.38212	ng/ml	LC/MS
Kim2016	losartan_ginseng	15.0	all	concentration	plasma	losartan	caffeine200mg, losartan50mg, omeprazole20mg, dex15mg, midazolam7.5mg, fexofenadine30mg,ginseng	1.0	hr	115.85366	42.5083547444676	10.97561	ng/ml	LC/MS
Kim2016	losartan_ginseng	15.0	all	concentration	plasma	losartan	caffeine200mg, losartan50mg, omeprazole20mg, dex15mg, midazolam7.5mg, fexofenadine30mg,ginseng	1.5	hr	174.39024	61.4009611564347	15.85366	ng/ml	LC/MS
Kim2016	losartan_ginseng	15.0	all	concentration	plasma	losartan	caffeine200mg, losartan50mg, omeprazole20mg, dex15mg, midazolam7.5mg, fexofenadine30mg,ginseng	2.0	hr	167.47968	51.9545998557009	13.41462	ng/ml	LC/MS
Kim2016	losartan_ginseng	15.0	all	concentration	plasma	losartan	caffeine200mg, losartan50mg, omeprazole20mg, dex15mg, midazolam7.5mg, fexofenadine30mg,ginseng	3.0	hr	94.308945	23.6157289675838	6.097555	ng/ml	LC/MS
Kim2016	losartan_ginseng	15.0	all	concentration	plasma	losartan	caffeine200mg, losartan50mg, omeprazole20mg, dex15mg, midazolam7.5mg, fexofenadine30mg,ginseng	4.0	hr	54.06504	18.8926064119671	4.87804999999999	ng/ml	LC/MS
Kim2016	losartan_ginseng	15.0	all	concentration	plasma	losartan	caffeine200mg, losartan50mg, omeprazole20mg, dex15mg, midazolam7.5mg, fexofenadine30mg,ginseng	5.0	hr	41.05691	11.0206903011336	2.84553	ng/ml	LC/MS
Kim2016	losartan_ginseng	15.0	all	concentration	plasma	losartan	caffeine200mg, losartan50mg, omeprazole20mg, dex15mg, midazolam7.5mg, fexofenadine30mg,ginseng	6.0	hr	23.170732	15.7438360946503	4.065041	ng/ml	LC/MS
Kim2016	losartan_ginseng	15.0	all	concentration	plasma	losartan	caffeine200mg, losartan50mg, omeprazole20mg, dex15mg, midazolam7.5mg, fexofenadine30mg,ginseng	8.0	hr	8.130081	14.1694528724836	3.658537	ng/ml	LC/MS
Kim2016	losartan_ginseng	15.0	all	concentration	plasma	losartan	caffeine200mg, losartan50mg, omeprazole20mg, dex15mg, midazolam7.5mg, fexofenadine30mg,ginseng	10.0	hr	4.0650406	14.1694505486936	3.6585364	ng/ml	LC/MS
Kim2016	losartan_ginseng	15.0	all	concentration	plasma	losartan	caffeine200mg, losartan50mg, omeprazole20mg, dex15mg, midazolam7.5mg, fexofenadine30mg,ginseng	12.0	hr	2.4390244	11.0206848789569	2.8455286	ng/ml	LC/MS
Kim2016	exp3174_control	15.0	all	concentration	plasma	exp3174	caffeine200mg, losartan50mg, omeprazole20mg, dex15mg, midazolam7.5mg, fexofenadine30mg	0.0	hr	0.0	NA	NA	ng/ml	LC/MS
Kim2016	exp3174_control	15.0	all	concentration	plasma	exp3174	caffeine200mg, losartan50mg, omeprazole20mg, dex15mg, midazolam7.5mg, fexofenadine30mg	0.5	hr	1.2015634	34.1175386486992	8.8091106	ng/ml	LC/MS
Kim2016	exp3174_control	15.0	all	concentration	plasma	exp3174	caffeine200mg, losartan50mg, omeprazole20mg, dex15mg, midazolam7.5mg, fexofenadine30mg	1.0	hr	27.652899	42.6428285992313	11.010331	ng/ml	LC/MS
Kim2016	exp3174_control	15.0	all	concentration	plasma	exp3174	caffeine200mg, losartan50mg, omeprazole20mg, dex15mg, midazolam7.5mg, fexofenadine30mg	1.5	hr	111.372635	72.505908210265	18.720945	ng/ml	LC/MS
Kim2016	exp3174_control	15.0	all	concentration	plasma	exp3174	caffeine200mg, losartan50mg, omeprazole20mg, dex15mg, midazolam7.5mg, fexofenadine30mg	2.0	hr	247.96257	93.8273980330559	24.22613	ng/ml	LC/MS
Kim2016	exp3174_control	15.0	all	concentration	plasma	exp3174	caffeine200mg, losartan50mg, omeprazole20mg, dex15mg, midazolam7.5mg, fexofenadine30mg	3.0	hr	488.09027	115.170634657336	29.73693	ng/ml	LC/MS
Kim2016	exp3174_control	15.0	all	concentration	plasma	exp3174	caffeine200mg, losartan50mg, omeprazole20mg, dex15mg, midazolam7.5mg, fexofenadine30mg	4.0	hr	482.63312	123.684807596471	31.93528	ng/ml	LC/MS
Kim2016	exp3174_control	15.0	all	concentration	plasma	exp3174	caffeine200mg, losartan50mg, omeprazole20mg, dex15mg, midazolam7.5mg, fexofenadine30mg	5.0	hr	378.05475	76.7821659473963	19.82507	ng/ml	LC/MS
Kim2016	exp3174_control	15.0	all	concentration	plasma	exp3174	caffeine200mg, losartan50mg, omeprazole20mg, dex15mg, midazolam7.5mg, fexofenadine30mg	6.0	hr	269.07394	42.6482081730991	11.01172	ng/ml	LC/MS
Kim2016	exp3174_control	15.0	all	concentration	plasma	exp3174	caffeine200mg, losartan50mg, omeprazole20mg, dex15mg, midazolam7.5mg, fexofenadine30mg	8.0	hr	175.55109	46.9027191087414	12.11023	ng/ml	LC/MS
Kim2016	exp3174_control	15.0	all	concentration	plasma	exp3174	caffeine200mg, losartan50mg, omeprazole20mg, dex15mg, midazolam7.5mg, fexofenadine30mg	10.0	hr	131.59024	51.1626522210685	13.21014	ng/ml	LC/MS
Kim2016	exp3174_control	15.0	all	concentration	plasma	exp3174	caffeine200mg, losartan50mg, omeprazole20mg, dex15mg, midazolam7.5mg, fexofenadine30mg	12.0	hr	76.61484	42.6318835482949	11.007505	ng/ml	LC/MS
Kim2016	exp3174_control	15.0	all	concentration	plasma	exp3174	caffeine200mg, losartan50mg, omeprazole20mg, dex15mg, midazolam7.5mg, fexofenadine30mg	24.0	hr	21.001236	29.8412359849611	7.704974	ng/ml	LC/MS
Kim2016	exp3174_ginseng	15.0	all	concentration	plasma	exp3174	caffeine200mg, losartan50mg, omeprazole20mg, dex15mg, midazolam7.5mg, fexofenadine30mg,ginseng	0.0	hr	0.0	NA	NA	ng/ml	LC/MS
Kim2016	exp3174_ginseng	15.0	all	concentration	plasma	exp3174	caffeine200mg, losartan50mg, omeprazole20mg, dex15mg, midazolam7.5mg, fexofenadine30mg,ginseng	0.5	hr	0.09742405	34.1175400042434	8.80911095	ng/ml	LC/MS
Kim2016	exp3174_ginseng	15.0	all	concentration	plasma	exp3174	caffeine200mg, losartan50mg, omeprazole20mg, dex15mg, midazolam7.5mg, fexofenadine30mg,ginseng	1.0	hr	21.04783	72.4949941431954	18.718127	ng/ml	LC/MS
Kim2016	exp3174_ginseng	15.0	all	concentration	plasma	exp3174	caffeine200mg, losartan50mg, omeprazole20mg, dex15mg, midazolam7.5mg, fexofenadine30mg,ginseng	1.5	hr	84.945305	93.8273399383057	24.226115	ng/ml	LC/MS
Kim2016	exp3174_ginseng	15.0	all	concentration	plasma	exp3174	caffeine200mg, losartan50mg, omeprazole20mg, dex15mg, midazolam7.5mg, fexofenadine30mg,ginseng	2.0	hr	205.01126	81.0366768830386	20.92358	ng/ml	LC/MS
Kim2016	exp3174_ginseng	15.0	all	concentration	plasma	exp3174	caffeine200mg, losartan50mg, omeprazole20mg, dex15mg, midazolam7.5mg, fexofenadine30mg,ginseng	3.0	hr	397.7838	153.553642460757	39.64738	ng/ml	LC/MS
Kim2016	exp3174_ginseng	15.0	all	concentration	plasma	exp3174	caffeine200mg, losartan50mg, omeprazole20mg, dex15mg, midazolam7.5mg, fexofenadine30mg,ginseng	4.0	hr	430.87128	102.369069153949	26.43158	ng/ml	LC/MS
Kim2016	exp3174_ginseng	15.0	all	concentration	plasma	exp3174	caffeine200mg, losartan50mg, omeprazole20mg, dex15mg, midazolam7.5mg, fexofenadine30mg,ginseng	5.0	hr	320.7849	72.5169655777184	18.7238	ng/ml	LC/MS
Kim2016	exp3174_ginseng	15.0	all	concentration	plasma	exp3174	caffeine200mg, losartan50mg, omeprazole20mg, dex15mg, midazolam7.5mg, fexofenadine30mg,ginseng	6.0	hr	229.42235	68.2460331926882	17.62105	ng/ml	LC/MS
Kim2016	exp3174_ginseng	15.0	all	concentration	plasma	exp3174	caffeine200mg, losartan50mg, omeprazole20mg, dex15mg, midazolam7.5mg, fexofenadine30mg,ginseng	8.0	hr	144.71143	81.0475986960749	20.9264	ng/ml	LC/MS
Kim2016	exp3174_ginseng	15.0	all	concentration	plasma	exp3174	caffeine200mg, losartan50mg, omeprazole20mg, dex15mg, midazolam7.5mg, fexofenadine30mg,ginseng	10.0	hr	104.054535	63.9751589024082	16.518315	ng/ml	LC/MS
Kim2016	exp3174_ginseng	15.0	all	concentration	plasma	exp3174	caffeine200mg, losartan50mg, omeprazole20mg, dex15mg, midazolam7.5mg, fexofenadine30mg,ginseng	12.0	hr	67.80431	46.9082187450931	12.11165	ng/ml	LC/MS
Kim2016	exp3174_ginseng	15.0	all	concentration	plasma	exp3174	caffeine200mg, losartan50mg, omeprazole20mg, dex15mg, midazolam7.5mg, fexofenadine30mg,ginseng	24.0	hr	17.694468	38.3883835043058	9.911838	ng/ml	LC/MS
Kim2016	omeprazole_control	15.0	all	concentration	plasma	omeprazole	caffeine200mg, losartan50mg, omeprazole20mg, dex15mg, midazolam7.5mg, fexofenadine30mg	0.0	hr	0.0	NA	NA	ng/ml	LC/MS
Kim2016	omeprazole_control	15.0	all	concentration	plasma	omeprazole	caffeine200mg, losartan50mg, omeprazole20mg, dex15mg, midazolam7.5mg, fexofenadine30mg	0.25	hr	5.2705693	28.0493216182764	7.2423037	ng/ml	LC/MS
Kim2016	omeprazole_control	15.0	all	concentration	plasma	omeprazole	caffeine200mg, losartan50mg, omeprazole20mg, dex15mg, midazolam7.5mg, fexofenadine30mg	0.5	hr	73.61904	72.1671964517224	18.63349	ng/ml	LC/MS
Kim2016	omeprazole_control	15.0	all	concentration	plasma	omeprazole	caffeine200mg, losartan50mg, omeprazole20mg, dex15mg, midazolam7.5mg, fexofenadine30mg	1.0	hr	209.26863	140.325158003118	36.2318	ng/ml	LC/MS
Kim2016	omeprazole_control	15.0	all	concentration	plasma	omeprazole	caffeine200mg, losartan50mg, omeprazole20mg, dex15mg, midazolam7.5mg, fexofenadine30mg	1.5	hr	344.925	196.444686689663	50.7218	ng/ml	LC/MS
Kim2016	omeprazole_control	15.0	all	concentration	plasma	omeprazole	caffeine200mg, losartan50mg, omeprazole20mg, dex15mg, midazolam7.5mg, fexofenadine30mg	2.0	hr	416.39795	160.355918031035	41.40372	ng/ml	LC/MS
Kim2016	omeprazole_control	15.0	all	concentration	plasma	omeprazole	caffeine200mg, losartan50mg, omeprazole20mg, dex15mg, midazolam7.5mg, fexofenadine30mg	3.0	hr	452.71893	140.304127703548	36.22637	ng/ml	LC/MS
Kim2016	omeprazole_control	15.0	all	concentration	plasma	omeprazole	caffeine200mg, losartan50mg, omeprazole20mg, dex15mg, midazolam7.5mg, fexofenadine30mg	4.0	hr	253.00626	100.23741785003	25.88119	ng/ml	LC/MS
Kim2016	omeprazole_control	15.0	all	concentration	plasma	omeprazole	caffeine200mg, losartan50mg, omeprazole20mg, dex15mg, midazolam7.5mg, fexofenadine30mg	5.0	hr	139.22412	76.1712415543655	19.66733	ng/ml	LC/MS
Kim2016	omeprazole_control	15.0	all	concentration	plasma	omeprazole	caffeine200mg, losartan50mg, omeprazole20mg, dex15mg, midazolam7.5mg, fexofenadine30mg	6.0	hr	87.54686	60.1288797763729	15.52521	ng/ml	LC/MS
Kim2016	omeprazole_control	15.0	all	concentration	plasma	omeprazole	caffeine200mg, losartan50mg, omeprazole20mg, dex15mg, midazolam7.5mg, fexofenadine30mg	8.0	hr	48.381123	48.1114655921427	12.422327	ng/ml	LC/MS
Kim2016	omeprazole_control	15.0	all	concentration	plasma	omeprazole	caffeine200mg, losartan50mg, omeprazole20mg, dex15mg, midazolam7.5mg, fexofenadine30mg	10.0	hr	37.169678	40.0824148009869	10.349235	ng/ml	LC/MS
Kim2016	omeprazole_control	15.0	all	concentration	plasma	omeprazole	caffeine200mg, losartan50mg, omeprazole20mg, dex15mg, midazolam7.5mg, fexofenadine30mg	12.0	hr	17.675327	28.070260128141	7.24771	ng/ml	LC/MS
Kim2016	omeprazole_ginseng	15.0	all	concentration	plasma	omeprazole	caffeine200mg, losartan50mg, omeprazole20mg, dex15mg, midazolam7.5mg, fexofenadine30mg,ginseng	0.0	hr	0.0	NA	NA	ng/ml	LC/MS
Kim2016	omeprazole_ginseng	15.0	all	concentration	plasma	omeprazole	caffeine200mg, losartan50mg, omeprazole20mg, dex15mg, midazolam7.5mg, fexofenadine30mg,ginseng	0.25	hr	3.1988301	28.0545547933738	7.2436549	ng/ml	LC/MS
Kim2016	omeprazole_ginseng	15.0	all	concentration	plasma	omeprazole	caffeine200mg, losartan50mg, omeprazole20mg, dex15mg, midazolam7.5mg, fexofenadine30mg,ginseng	0.5	hr	2.1893134	32.0690751540733	8.2801996	ng/ml	LC/MS
Kim2016	omeprazole_ginseng	15.0	all	concentration	plasma	omeprazole	caffeine200mg, losartan50mg, omeprazole20mg, dex15mg, midazolam7.5mg, fexofenadine30mg,ginseng	1.0	hr	16.727976	16.0162191404058	4.13537	ng/ml	LC/MS
Kim2016	omeprazole_ginseng	15.0	all	concentration	plasma	omeprazole	caffeine200mg, losartan50mg, omeprazole20mg, dex15mg, midazolam7.5mg, fexofenadine30mg,ginseng	1.5	hr	30.22604	28.0807171831757	7.25041	ng/ml	LC/MS
Kim2016	omeprazole_ginseng	15.0	all	concentration	plasma	omeprazole	caffeine200mg, losartan50mg, omeprazole20mg, dex15mg, midazolam7.5mg, fexofenadine30mg,ginseng	2.0	hr	328.40244	188.452165877429	48.65814	ng/ml	LC/MS
Kim2016	omeprazole_ginseng	15.0	all	concentration	plasma	omeprazole	caffeine200mg, losartan50mg, omeprazole20mg, dex15mg, midazolam7.5mg, fexofenadine30mg,ginseng	3.0	hr	456.85703	80.1647521423069	20.69845	ng/ml	LC/MS
Kim2016	omeprazole_ginseng	15.0	all	concentration	plasma	omeprazole	caffeine200mg, losartan50mg, omeprazole20mg, dex15mg, midazolam7.5mg, fexofenadine30mg,ginseng	4.0	hr	349.28064	104.251881277874	26.91772	ng/ml	LC/MS
Kim2016	omeprazole_ginseng	15.0	all	concentration	plasma	omeprazole	caffeine200mg, losartan50mg, omeprazole20mg, dex15mg, midazolam7.5mg, fexofenadine30mg,ginseng	5.0	hr	184.774	84.1793704894851	21.73502	ng/ml	LC/MS
Kim2016	omeprazole_ginseng	15.0	all	concentration	plasma	omeprazole	caffeine200mg, losartan50mg, omeprazole20mg, dex15mg, midazolam7.5mg, fexofenadine30mg,ginseng	6.0	hr	113.426704	68.1526788021112	17.596946	ng/ml	LC/MS
Kim2016	omeprazole_ginseng	15.0	all	concentration	plasma	omeprazole	caffeine200mg, losartan50mg, omeprazole20mg, dex15mg, midazolam7.5mg, fexofenadine30mg,ginseng	8.0	hr	57.699223	44.0916961771141	11.384427	ng/ml	LC/MS
Kim2016	omeprazole_ginseng	15.0	all	concentration	plasma	omeprazole	caffeine200mg, losartan50mg, omeprazole20mg, dex15mg, midazolam7.5mg, fexofenadine30mg,ginseng	10.0	hr	24.744648	48.1167018656268	12.423679	ng/ml	LC/MS
Kim2016	omeprazole_ginseng	15.0	all	concentration	plasma	omeprazole	caffeine200mg, losartan50mg, omeprazole20mg, dex15mg, midazolam7.5mg, fexofenadine30mg,ginseng	12.0	hr	18.710522	40.0928834749717	10.351938	ng/ml	LC/MS
Kim2016	ohome5_control	15.0	all	concentration	plasma	5-hydroxyomeprazole	caffeine200mg, losartan50mg, omeprazole20mg, dex15mg, midazolam7.5mg, fexofenadine30mg	0.0	hr	0.0	NA	NA	ng/ml	LC/MS
Kim2016	ohome5_control	15.0	all	concentration	plasma	5-hydroxyomeprazole	caffeine200mg, losartan50mg, omeprazole20mg, dex15mg, midazolam7.5mg, fexofenadine30mg	0.25	hr	1.6423358	6.3607388149819	1.6423357	ng/ml	LC/MS
Kim2016	ohome5_control	15.0	all	concentration	plasma	5-hydroxyomeprazole	caffeine200mg, losartan50mg, omeprazole20mg, dex15mg, midazolam7.5mg, fexofenadine30mg	0.5	hr	6.9343066	4.94724009561333	1.2773719	ng/ml	LC/MS
Kim2016	ohome5_control	15.0	all	concentration	plasma	5-hydroxyomeprazole	caffeine200mg, losartan50mg, omeprazole20mg, dex15mg, midazolam7.5mg, fexofenadine30mg	1.0	hr	25.182482	14.8417253217183	3.832117	ng/ml	LC/MS
Kim2016	ohome5_control	15.0	all	concentration	plasma	5-hydroxyomeprazole	caffeine200mg, losartan50mg, omeprazole20mg, dex15mg, midazolam7.5mg, fexofenadine30mg	1.5	hr	30.656935	14.8417175757516	3.832115	ng/ml	LC/MS
Kim2016	ohome5_control	15.0	all	concentration	plasma	5-hydroxyomeprazole	caffeine200mg, losartan50mg, omeprazole20mg, dex15mg, midazolam7.5mg, fexofenadine30mg	2.0	hr	50.547443	16.2552325616503	4.197083	ng/ml	LC/MS
Kim2016	ohome5_control	15.0	all	concentration	plasma	5-hydroxyomeprazole	caffeine200mg, losartan50mg, omeprazole20mg, dex15mg, midazolam7.5mg, fexofenadine30mg	3.0	hr	79.74452	23.3227416504265	6.021906	ng/ml	LC/MS
Kim2016	ohome5_control	15.0	all	concentration	plasma	5-hydroxyomeprazole	caffeine200mg, losartan50mg, omeprazole20mg, dex15mg, midazolam7.5mg, fexofenadine30mg	4.0	hr	47.445255	12.0147224608045	3.102188	ng/ml	LC/MS
Kim2016	ohome5_control	15.0	all	concentration	plasma	5-hydroxyomeprazole	caffeine200mg, losartan50mg, omeprazole20mg, dex15mg, midazolam7.5mg, fexofenadine30mg	5.0	hr	27.0073	9.1877312188407	2.372262	ng/ml	LC/MS
Kim2016	ohome5_control	15.0	all	concentration	plasma	5-hydroxyomeprazole	caffeine200mg, losartan50mg, omeprazole20mg, dex15mg, midazolam7.5mg, fexofenadine30mg	6.0	hr	14.963504	7.77423172487546	2.007298	ng/ml	LC/MS
Kim2016	ohome5_control	15.0	all	concentration	plasma	5-hydroxyomeprazole	caffeine200mg, losartan50mg, omeprazole20mg, dex15mg, midazolam7.5mg, fexofenadine30mg	8.0	hr	7.1167884	7.77423404866546	2.0072986	ng/ml	LC/MS
Kim2016	ohome5_control	15.0	all	concentration	plasma	5-hydroxyomeprazole	caffeine200mg, losartan50mg, omeprazole20mg, dex15mg, midazolam7.5mg, fexofenadine30mg	10.0	hr	4.379562	4.94724164480666	1.2773723	ng/ml	LC/MS
Kim2016	ohome5_control	15.0	all	concentration	plasma	5-hydroxyomeprazole	caffeine200mg, losartan50mg, omeprazole20mg, dex15mg, midazolam7.5mg, fexofenadine30mg	12.0	hr	2.5547445	4.94724164480666	1.2773723	ng/ml	LC/MS
Kim2016	ohome5_ginseng	15.0	all	concentration	plasma	5-hydroxyomeprazole	caffeine200mg, losartan50mg, omeprazole20mg, dex15mg, midazolam7.5mg, fexofenadine30mg,ginseng	0.0	hr	0.0	NA	NA	ng/ml	LC/MS
Kim2016	ohome5_ginseng	15.0	all	concentration	plasma	5-hydroxyomeprazole	caffeine200mg, losartan50mg, omeprazole20mg, dex15mg, midazolam7.5mg, fexofenadine30mg,ginseng	0.25	hr	1.459854	7.77423675975381	2.0072993	ng/ml	LC/MS
Kim2016	ohome5_ginseng	15.0	all	concentration	plasma	5-hydroxyomeprazole	caffeine200mg, losartan50mg, omeprazole20mg, dex15mg, midazolam7.5mg, fexofenadine30mg,ginseng	0.5	hr	1.459854	7.77423675975381	2.0072993	ng/ml	LC/MS
Kim2016	ohome5_ginseng	15.0	all	concentration	plasma	5-hydroxyomeprazole	caffeine200mg, losartan50mg, omeprazole20mg, dex15mg, midazolam7.5mg, fexofenadine30mg,ginseng	1.0	hr	3.649635	4.94724048291166	1.277372	ng/ml	LC/MS
Kim2016	ohome5_ginseng	15.0	all	concentration	plasma	5-hydroxyomeprazole	caffeine200mg, losartan50mg, omeprazole20mg, dex15mg, midazolam7.5mg, fexofenadine30mg,ginseng	1.5	hr	4.5620437	5.65399139178929	1.4598543	ng/ml	LC/MS
Kim2016	ohome5_ginseng	15.0	all	concentration	plasma	5-hydroxyomeprazole	caffeine200mg, losartan50mg, omeprazole20mg, dex15mg, midazolam7.5mg, fexofenadine30mg,ginseng	2.0	hr	36.31387	19.7889696776133	5.10949	ng/ml	LC/MS
Kim2016	ohome5_ginseng	15.0	all	concentration	plasma	5-hydroxyomeprazole	caffeine200mg, losartan50mg, omeprazole20mg, dex15mg, midazolam7.5mg, fexofenadine30mg,ginseng	3.0	hr	66.60584	19.7889696776133	5.10948999999999	ng/ml	LC/MS
Kim2016	ohome5_ginseng	15.0	all	concentration	plasma	5-hydroxyomeprazole	caffeine200mg, losartan50mg, omeprazole20mg, dex15mg, midazolam7.5mg, fexofenadine30mg,ginseng	4.0	hr	64.41606	14.8417369406684	3.83212	ng/ml	LC/MS
Kim2016	ohome5_ginseng	15.0	all	concentration	plasma	5-hydroxyomeprazole	caffeine200mg, losartan50mg, omeprazole20mg, dex15mg, midazolam7.5mg, fexofenadine30mg,ginseng	5.0	hr	38.138687	8.48099309080816	2.18978300000001	ng/ml	LC/MS
Kim2016	ohome5_ginseng	15.0	all	concentration	plasma	5-hydroxyomeprazole	caffeine200mg, losartan50mg, omeprazole20mg, dex15mg, midazolam7.5mg, fexofenadine30mg,ginseng	6.0	hr	19.343065	3.53374486192976	0.912409	ng/ml	LC/MS
Kim2016	ohome5_ginseng	15.0	all	concentration	plasma	5-hydroxyomeprazole	caffeine200mg, losartan50mg, omeprazole20mg, dex15mg, midazolam7.5mg, fexofenadine30mg,ginseng	8.0	hr	8.576642	5.65399022989428	1.459854	ng/ml	LC/MS
Kim2016	ohome5_ginseng	15.0	all	concentration	plasma	5-hydroxyomeprazole	caffeine200mg, losartan50mg, omeprazole20mg, dex15mg, midazolam7.5mg, fexofenadine30mg,ginseng	10.0	hr	4.7445254	4.94724280670167	1.2773726	ng/ml	LC/MS
Kim2016	ohome5_ginseng	15.0	all	concentration	plasma	5-hydroxyomeprazole	caffeine200mg, losartan50mg, omeprazole20mg, dex15mg, midazolam7.5mg, fexofenadine30mg,ginseng	12.0	hr	2.7372262	5.65398945529761	1.4598538	ng/ml	LC/MS
Kim2016	dextromethorphan_control	15.0	all	concentration	plasma	dextromethorphan	caffeine200mg, losartan50mg, omeprazole20mg, dex15mg, midazolam7.5mg, fexofenadine30mg	0.0	hr	0.0	NA	NA	ng/ml	LC/MS
Kim2016	dextromethorphan_control	15.0	all	concentration	plasma	dextromethorphan	caffeine200mg, losartan50mg, omeprazole20mg, dex15mg, midazolam7.5mg, fexofenadine30mg	0.25	hr	0.31609267	0.648506506608017	0.16744366	ng/ml	LC/MS
Kim2016	dextromethorphan_control	15.0	all	concentration	plasma	dextromethorphan	caffeine200mg, losartan50mg, omeprazole20mg, dex15mg, midazolam7.5mg, fexofenadine30mg	0.5	hr	0.48394313	1.13640949535968	0.29341967	ng/ml	LC/MS
Kim2016	dextromethorphan_control	15.0	all	concentration	plasma	dextromethorphan	caffeine200mg, losartan50mg, omeprazole20mg, dex15mg, midazolam7.5mg, fexofenadine30mg	1.0	hr	2.3710883	2.02955016775304	0.5240276	ng/ml	LC/MS
Kim2016	dextromethorphan_control	15.0	all	concentration	plasma	dextromethorphan	caffeine200mg, losartan50mg, omeprazole20mg, dex15mg, midazolam7.5mg, fexofenadine30mg	1.5	hr	4.992121	3.97822392267391	1.027173	ng/ml	LC/MS
Kim2016	dextromethorphan_control	15.0	all	concentration	plasma	dextromethorphan	caffeine200mg, losartan50mg, omeprazole20mg, dex15mg, midazolam7.5mg, fexofenadine30mg	2.0	hr	8.179165	6.65785202129786	1.71905	ng/ml	LC/MS
Kim2016	dextromethorphan_control	15.0	all	concentration	plasma	dextromethorphan	caffeine200mg, losartan50mg, omeprazole20mg, dex15mg, midazolam7.5mg, fexofenadine30mg	3.0	hr	6.4189997	4.87157129618846	1.2578343	ng/ml	LC/MS
Kim2016	dextromethorphan_control	15.0	all	concentration	plasma	dextromethorphan	caffeine200mg, losartan50mg, omeprazole20mg, dex15mg, midazolam7.5mg, fexofenadine30mg	4.0	hr	5.7491436	4.87094193639471	1.2576718	ng/ml	LC/MS
Kim2016	dextromethorphan_control	15.0	all	concentration	plasma	dextromethorphan	caffeine200mg, losartan50mg, omeprazole20mg, dex15mg, midazolam7.5mg, fexofenadine30mg	5.0	hr	4.8275523	3.24757670655019	0.8385207	ng/ml	LC/MS
Kim2016	dextromethorphan_control	15.0	all	concentration	plasma	dextromethorphan	caffeine200mg, losartan50mg, omeprazole20mg, dex15mg, midazolam7.5mg, fexofenadine30mg	6.0	hr	5.226743	4.79016777032287	1.236816	ng/ml	LC/MS
Kim2016	dextromethorphan_control	15.0	all	concentration	plasma	dextromethorphan	caffeine200mg, losartan50mg, omeprazole20mg, dex15mg, midazolam7.5mg, fexofenadine30mg	8.0	hr	4.4527435	3.97843112728293	1.0272265	ng/ml	LC/MS
Kim2016	dextromethorphan_control	15.0	all	concentration	plasma	dextromethorphan	caffeine200mg, losartan50mg, omeprazole20mg, dex15mg, midazolam7.5mg, fexofenadine30mg	10.0	hr	3.8255484	3.73484681109324	0.964333299999999	ng/ml	LC/MS
Kim2016	dextromethorphan_control	15.0	all	concentration	plasma	dextromethorphan	caffeine200mg, losartan50mg, omeprazole20mg, dex15mg, midazolam7.5mg, fexofenadine30mg	12.0	hr	3.345131	3.08539514162942	0.7966456	ng/ml	LC/MS
Kim2016	dextromethorphan_control	15.0	all	concentration	plasma	dextromethorphan	caffeine200mg, losartan50mg, omeprazole20mg, dex15mg, midazolam7.5mg, fexofenadine30mg	24.0	hr	1.7623624	1.86726635607193	0.4821261	ng/ml	LC/MS
Kim2016	dextromethorphan_ginseng	15.0	all	concentration	plasma	dextromethorphan	caffeine200mg, losartan50mg, omeprazole20mg, dex15mg, midazolam7.5mg, fexofenadine30mg,ginseng	0.0	hr	0.0	NA	NA	ng/ml	LC/MS
Kim2016	dextromethorphan_ginseng	15.0	all	concentration	plasma	dextromethorphan	caffeine200mg, losartan50mg, omeprazole20mg, dex15mg, midazolam7.5mg, fexofenadine30mg,ginseng	0.25	hr	0.19027936	0.730121419904644	0.18851654	ng/ml	LC/MS
Kim2016	dextromethorphan_ginseng	15.0	all	concentration	plasma	dextromethorphan	caffeine200mg, losartan50mg, omeprazole20mg, dex15mg, midazolam7.5mg, fexofenadine30mg,ginseng	0.5	hr	0.4001128	0.892825798847319	0.23052663	ng/ml	LC/MS
Kim2016	dextromethorphan_ginseng	15.0	all	concentration	plasma	dextromethorphan	caffeine200mg, losartan50mg, omeprazole20mg, dex15mg, midazolam7.5mg, fexofenadine30mg,ginseng	1.0	hr	1.0923436	1.05531979733463	0.2724824	ng/ml	LC/MS
Kim2016	dextromethorphan_ginseng	15.0	all	concentration	plasma	dextromethorphan	caffeine200mg, losartan50mg, omeprazole20mg, dex15mg, midazolam7.5mg, fexofenadine30mg,ginseng	1.5	hr	3.0005343	1.78617615455905	0.4611887	ng/ml	LC/MS
Kim2016	dextromethorphan_ginseng	15.0	all	concentration	plasma	dextromethorphan	caffeine200mg, losartan50mg, omeprazole20mg, dex15mg, midazolam7.5mg, fexofenadine30mg,ginseng	2.0	hr	4.573295	3.73463766999255	0.9642793	ng/ml	LC/MS
Kim2016	dextromethorphan_ginseng	15.0	all	concentration	plasma	dextromethorphan	caffeine200mg, losartan50mg, omeprazole20mg, dex15mg, midazolam7.5mg, fexofenadine30mg,ginseng	3.0	hr	5.22395	5.35926394321459	1.383756	ng/ml	LC/MS
Kim2016	dextromethorphan_ginseng	15.0	all	concentration	plasma	dextromethorphan	caffeine200mg, losartan50mg, omeprazole20mg, dex15mg, midazolam7.5mg, fexofenadine30mg,ginseng	4.0	hr	4.721863	3.97832462024091	1.027199	ng/ml	LC/MS
Kim2016	dextromethorphan_ginseng	15.0	all	concentration	plasma	dextromethorphan	caffeine200mg, losartan50mg, omeprazole20mg, dex15mg, midazolam7.5mg, fexofenadine30mg,ginseng	5.0	hr	4.324381	3.41027802583602	0.88053	ng/ml	LC/MS
Kim2016	dextromethorphan_ginseng	15.0	all	concentration	plasma	dextromethorphan	caffeine200mg, losartan50mg, omeprazole20mg, dex15mg, midazolam7.5mg, fexofenadine30mg,ginseng	6.0	hr	4.1155777	3.97874677542565	1.027308	ng/ml	LC/MS
Kim2016	dextromethorphan_ginseng	15.0	all	concentration	plasma	dextromethorphan	caffeine200mg, losartan50mg, omeprazole20mg, dex15mg, midazolam7.5mg, fexofenadine30mg,ginseng	8.0	hr	3.614196	2.6796319716073	0.691878	ng/ml	LC/MS
Kim2016	dextromethorphan_ginseng	15.0	all	concentration	plasma	dextromethorphan	caffeine200mg, losartan50mg, omeprazole20mg, dex15mg, midazolam7.5mg, fexofenadine30mg,ginseng	10.0	hr	2.8192048	2.35485365795104	0.6080206	ng/ml	LC/MS
Kim2016	dextromethorphan_ginseng	15.0	all	concentration	plasma	dextromethorphan	caffeine200mg, losartan50mg, omeprazole20mg, dex15mg, midazolam7.5mg, fexofenadine30mg,ginseng	12.0	hr	2.2760026	2.11095563011031	0.5450464	ng/ml	LC/MS
Kim2016	dextromethorphan_ginseng	15.0	all	concentration	plasma	dextromethorphan	caffeine200mg, losartan50mg, omeprazole20mg, dex15mg, midazolam7.5mg, fexofenadine30mg,ginseng	24.0	hr	1.2591363	1.46160814389849	0.3773856	ng/ml	LC/MS
Kim2016	dextrorphan_control	15.0	all	concentration	plasma	dextrorphan	caffeine200mg, losartan50mg, omeprazole20mg, dex15mg, midazolam7.5mg, fexofenadine30mg	0.0	hr	0.0	NA	NA	ng/ml	LC/MS
Kim2016	dextrorphan_control	15.0	all	concentration	plasma	dextrorphan	caffeine200mg, losartan50mg, omeprazole20mg, dex15mg, midazolam7.5mg, fexofenadine30mg	0.25	hr	0.13129103	1.11867355542405	0.28884027	ng/ml	LC/MS
Kim2016	dextrorphan_control	15.0	all	concentration	plasma	dextrorphan	caffeine200mg, losartan50mg, omeprazole20mg, dex15mg, midazolam7.5mg, fexofenadine30mg	0.5	hr	1.6280087	1.32206920151466	0.3413568	ng/ml	LC/MS
Kim2016	dextrorphan_control	15.0	all	concentration	plasma	dextrorphan	caffeine200mg, losartan50mg, omeprazole20mg, dex15mg, midazolam7.5mg, fexofenadine30mg	1.0	hr	9.190372	1.83055783261824	0.472648	ng/ml	LC/MS
Kim2016	dextrorphan_control	15.0	all	concentration	plasma	dextrorphan	caffeine200mg, losartan50mg, omeprazole20mg, dex15mg, midazolam7.5mg, fexofenadine30mg	1.5	hr	11.369803	2.64413607923931	0.682713000000001	ng/ml	LC/MS
Kim2016	dextrorphan_control	15.0	all	concentration	plasma	dextrorphan	caffeine200mg, losartan50mg, omeprazole20mg, dex15mg, midazolam7.5mg, fexofenadine30mg	2.0	hr	10.949672	2.03395142602767	0.525164	ng/ml	LC/MS
Kim2016	dextrorphan_control	15.0	all	concentration	plasma	dextrorphan	caffeine200mg, losartan50mg, omeprazole20mg, dex15mg, midazolam7.5mg, fexofenadine30mg	3.0	hr	8.665208	1.01697571301384	0.262582	ng/ml	LC/MS
Kim2016	dextrorphan_control	15.0	all	concentration	plasma	dextrorphan	caffeine200mg, losartan50mg, omeprazole20mg, dex15mg, midazolam7.5mg, fexofenadine30mg	4.0	hr	6.354486	1.32206726502298	0.3413563	ng/ml	LC/MS
Kim2016	dextrorphan_control	15.0	all	concentration	plasma	dextrorphan	caffeine200mg, losartan50mg, omeprazole20mg, dex15mg, midazolam7.5mg, fexofenadine30mg	5.0	hr	4.306346	1.22036930642327	0.315098000000001	ng/ml	LC/MS
Kim2016	dextrorphan_control	15.0	all	concentration	plasma	dextrorphan	caffeine200mg, losartan50mg, omeprazole20mg, dex15mg, midazolam7.5mg, fexofenadine30mg	6.0	hr	3.728665	0.915278916309121	0.236324	ng/ml	LC/MS
Kim2016	dextrorphan_control	15.0	all	concentration	plasma	dextrorphan	caffeine200mg, losartan50mg, omeprazole20mg, dex15mg, midazolam7.5mg, fexofenadine30mg	8.0	hr	2.5207877	0.610185815106636	0.1575493	ng/ml	LC/MS
Kim2016	dextrorphan_control	15.0	all	concentration	plasma	dextrorphan	caffeine200mg, losartan50mg, omeprazole20mg, dex15mg, midazolam7.5mg, fexofenadine30mg	10.0	hr	1.7067834	0.813580570411069	0.2100656	ng/ml	LC/MS
Kim2016	dextrorphan_control	15.0	all	concentration	plasma	dextrorphan	caffeine200mg, losartan50mg, omeprazole20mg, dex15mg, midazolam7.5mg, fexofenadine30mg	12.0	hr	0.9452954	0.915278529010787	0.2363239	ng/ml	LC/MS
Kim2016	dextrorphan_control	15.0	all	concentration	plasma	dextrorphan	caffeine200mg, losartan50mg, omeprazole20mg, dex15mg, midazolam7.5mg, fexofenadine30mg	24.0	hr	0.36761487	0.711883115299186	0.18380743	ng/ml	LC/MS
Kim2016	dextrorphan_ginseng	15.0	all	concentration	plasma	dextrorphan	caffeine200mg, losartan50mg, omeprazole20mg, dex15mg, midazolam7.5mg, fexofenadine30mg,ginseng	0.0	hr	0.0	NA	NA	ng/ml	LC/MS
Kim2016	dextrorphan_ginseng	15.0	all	concentration	plasma	dextrorphan	caffeine200mg, losartan50mg, omeprazole20mg, dex15mg, midazolam7.5mg, fexofenadine30mg,ginseng	0.25	hr	0.078774616	0.91527831212372	0.236323844	ng/ml	LC/MS
Kim2016	dextrorphan_ginseng	15.0	all	concentration	plasma	dextrorphan	caffeine200mg, losartan50mg, omeprazole20mg, dex15mg, midazolam7.5mg, fexofenadine30mg,ginseng	0.5	hr	1.02407	1.11867367161355	0.2888403	ng/ml	LC/MS
Kim2016	dextrorphan_ginseng	15.0	all	concentration	plasma	dextrorphan	caffeine200mg, losartan50mg, omeprazole20mg, dex15mg, midazolam7.5mg, fexofenadine30mg,ginseng	1.0	hr	6.905908	2.54243928253459	0.656455	ng/ml	LC/MS
Kim2016	dextrorphan_ginseng	15.0	all	concentration	plasma	dextrorphan	caffeine200mg, losartan50mg, omeprazole20mg, dex15mg, midazolam7.5mg, fexofenadine30mg,ginseng	1.5	hr	11.763676	2.44074248582987	0.630196999999999	ng/ml	LC/MS
Kim2016	dextrorphan_ginseng	15.0	all	concentration	plasma	dextrorphan	caffeine200mg, losartan50mg, omeprazole20mg, dex15mg, midazolam7.5mg, fexofenadine30mg,ginseng	2.0	hr	11.448578	1.93225462932296	0.498906	ng/ml	LC/MS
Kim2016	dextrorphan_ginseng	15.0	all	concentration	plasma	dextrorphan	caffeine200mg, losartan50mg, omeprazole20mg, dex15mg, midazolam7.5mg, fexofenadine30mg,ginseng	3.0	hr	9.689278	1.22036930642327	0.315098000000001	ng/ml	LC/MS
Kim2016	dextrorphan_ginseng	15.0	all	concentration	plasma	dextrorphan	caffeine200mg, losartan50mg, omeprazole20mg, dex15mg, midazolam7.5mg, fexofenadine30mg,ginseng	4.0	hr	7.9824944	1.4237652236227	0.3676146	ng/ml	LC/MS
Kim2016	dextrorphan_ginseng	15.0	all	concentration	plasma	dextrorphan	caffeine200mg, losartan50mg, omeprazole20mg, dex15mg, midazolam7.5mg, fexofenadine30mg,ginseng	5.0	hr	6.2231946	1.11867405891189	0.2888404	ng/ml	LC/MS
Kim2016	dextrorphan_ginseng	15.0	all	concentration	plasma	dextrorphan	caffeine200mg, losartan50mg, omeprazole20mg, dex15mg, midazolam7.5mg, fexofenadine30mg,ginseng	6.0	hr	5.225383	0.915277367115783	0.2363236	ng/ml	LC/MS
Kim2016	dextrorphan_ginseng	15.0	all	concentration	plasma	dextrorphan	caffeine200mg, losartan50mg, omeprazole20mg, dex15mg, midazolam7.5mg, fexofenadine30mg,ginseng	8.0	hr	2.7833698	1.01697571301384	0.262582	ng/ml	LC/MS
Kim2016	dextrorphan_ginseng	15.0	all	concentration	plasma	dextrorphan	caffeine200mg, losartan50mg, omeprazole20mg, dex15mg, midazolam7.5mg, fexofenadine30mg,ginseng	10.0	hr	1.7592998	0.813580957709403	0.2100657	ng/ml	LC/MS
Kim2016	dextrorphan_ginseng	15.0	all	concentration	plasma	dextrorphan	caffeine200mg, losartan50mg, omeprazole20mg, dex15mg, midazolam7.5mg, fexofenadine30mg,ginseng	12.0	hr	1.2341356	0.610185815106636	0.1575493	ng/ml	LC/MS
Kim2016	dextrorphan_ginseng	15.0	all	concentration	plasma	dextrorphan	caffeine200mg, losartan50mg, omeprazole20mg, dex15mg, midazolam7.5mg, fexofenadine30mg,ginseng	24.0	hr	0.4201313	0.406790285205534	0.1050328	ng/ml	LC/MS
Kim2016	midazolam_control	15.0	all	concentration	plasma	midazolam	caffeine200mg, losartan50mg, omeprazole20mg, dex15mg, midazolam7.5mg, fexofenadine30mg	0.0	hr	0.0	NA	NA	ng/ml	LC/MS
Kim2016	midazolam_control	15.0	all	concentration	plasma	midazolam	caffeine200mg, losartan50mg, omeprazole20mg, dex15mg, midazolam7.5mg, fexofenadine30mg	0.25	hr	11.736112	10.2816786028771	2.654718	ng/ml	LC/MS
Kim2016	midazolam_control	15.0	all	concentration	plasma	midazolam	caffeine200mg, losartan50mg, omeprazole20mg, dex15mg, midazolam7.5mg, fexofenadine30mg	0.5	hr	50.12379	8.56688424247696	2.21196	ng/ml	LC/MS
Kim2016	midazolam_control	15.0	all	concentration	plasma	midazolam	caffeine200mg, losartan50mg, omeprazole20mg, dex15mg, midazolam7.5mg, fexofenadine30mg	1.0	hr	32.650074	3.42795432182812	0.885094000000002	ng/ml	LC/MS
Kim2016	midazolam_control	15.0	all	concentration	plasma	midazolam	caffeine200mg, losartan50mg, omeprazole20mg, dex15mg, midazolam7.5mg, fexofenadine30mg	1.5	hr	25.574978	5.56953982803023	1.438049	ng/ml	LC/MS
Kim2016	midazolam_control	15.0	all	concentration	plasma	midazolam	caffeine200mg, losartan50mg, omeprazole20mg, dex15mg, midazolam7.5mg, fexofenadine30mg	2.0	hr	20.712694	3.42630830390598	0.884669000000002	ng/ml	LC/MS
Kim2016	midazolam_control	15.0	all	concentration	plasma	midazolam	caffeine200mg, losartan50mg, omeprazole20mg, dex15mg, midazolam7.5mg, fexofenadine30mg	3.0	hr	11.982986	3.8552876852986	0.995431	ng/ml	LC/MS
Kim2016	midazolam_control	15.0	all	concentration	plasma	midazolam	caffeine200mg, losartan50mg, omeprazole20mg, dex15mg, midazolam7.5mg, fexofenadine30mg	4.0	hr	7.5671434	3.85638606337558	0.9957146	ng/ml	LC/MS
Kim2016	midazolam_control	15.0	all	concentration	plasma	midazolam	caffeine200mg, losartan50mg, omeprazole20mg, dex15mg, midazolam7.5mg, fexofenadine30mg	5.0	hr	5.253064	4.28206837404558	1.1056253	ng/ml	LC/MS
Kim2016	midazolam_control	15.0	all	concentration	plasma	midazolam	caffeine200mg, losartan50mg, omeprazole20mg, dex15mg, midazolam7.5mg, fexofenadine30mg	6.0	hr	4.3777423	2.99788740671187	0.7740512	ng/ml	LC/MS
Kim2016	midazolam_control	15.0	all	concentration	plasma	midazolam	caffeine200mg, losartan50mg, omeprazole20mg, dex15mg, midazolam7.5mg, fexofenadine30mg	8.0	hr	2.2943914	3.85528613610526	0.9954306	ng/ml	LC/MS
Kim2016	midazolam_control	15.0	all	concentration	plasma	midazolam	caffeine200mg, losartan50mg, omeprazole20mg, dex15mg, midazolam7.5mg, fexofenadine30mg	10.0	hr	1.7597085	3.42466654626551	0.8842451	ng/ml	LC/MS
Kim2016	midazolam_control	15.0	all	concentration	plasma	midazolam	caffeine200mg, losartan50mg, omeprazole20mg, dex15mg, midazolam7.5mg, fexofenadine30mg	12.0	hr	1.5565999	3.42576376244749	0.8845284	ng/ml	LC/MS
Kim2016	midazolam_ginseng	15.0	all	concentration	plasma	midazolam	caffeine200mg, losartan50mg, omeprazole20mg, dex15mg, midazolam7.5mg, fexofenadine30mg,ginseng	0.0	hr	0.0	NA	NA	ng/ml	LC/MS
Kim2016	midazolam_ginseng	15.0	all	concentration	plasma	midazolam	caffeine200mg, losartan50mg, omeprazole20mg, dex15mg, midazolam7.5mg, fexofenadine30mg,ginseng	0.25	hr	6.316198	3.42576414974583	0.8845285	ng/ml	LC/MS
Kim2016	midazolam_ginseng	15.0	all	concentration	plasma	midazolam	caffeine200mg, losartan50mg, omeprazole20mg, dex15mg, midazolam7.5mg, fexofenadine30mg,ginseng	0.5	hr	40.05674	9.85324918511964	2.54409800000001	ng/ml	LC/MS
Kim2016	midazolam_ginseng	15.0	all	concentration	plasma	midazolam	caffeine200mg, losartan50mg, omeprazole20mg, dex15mg, midazolam7.5mg, fexofenadine30mg,ginseng	1.0	hr	35.083836	2.99844046873371	0.774194000000001	ng/ml	LC/MS
Kim2016	midazolam_ginseng	15.0	all	concentration	plasma	midazolam	caffeine200mg, losartan50mg, omeprazole20mg, dex15mg, midazolam7.5mg, fexofenadine30mg,ginseng	1.5	hr	32.54413	2.99897494043546	0.774331999999994	ng/ml	LC/MS
Kim2016	midazolam_ginseng	15.0	all	concentration	plasma	midazolam	caffeine200mg, losartan50mg, omeprazole20mg, dex15mg, midazolam7.5mg, fexofenadine30mg,ginseng	2.0	hr	26.796463	2.57166094188173	0.664000000000002	ng/ml	LC/MS
Kim2016	midazolam_ginseng	15.0	all	concentration	plasma	midazolam	caffeine200mg, losartan50mg, omeprazole20mg, dex15mg, midazolam7.5mg, fexofenadine30mg,ginseng	3.0	hr	15.633419	2.56945721435773	0.663430999999999	ng/ml	LC/MS
Kim2016	midazolam_ginseng	15.0	all	concentration	plasma	midazolam	caffeine200mg, losartan50mg, omeprazole20mg, dex15mg, midazolam7.5mg, fexofenadine30mg,ginseng	4.0	hr	10.553719	2.56836116007076	0.663148000000001	ng/ml	LC/MS
Kim2016	midazolam_ginseng	15.0	all	concentration	plasma	midazolam	caffeine200mg, losartan50mg, omeprazole20mg, dex15mg, midazolam7.5mg, fexofenadine30mg,ginseng	5.0	hr	6.469875	2.57165513240671	0.6639985	ng/ml	LC/MS
Kim2016	midazolam_ginseng	15.0	all	concentration	plasma	midazolam	caffeine200mg, losartan50mg, omeprazole20mg, dex15mg, midazolam7.5mg, fexofenadine30mg,ginseng	6.0	hr	5.4837923	2.99843388466202	0.7741923	ng/ml	LC/MS
Kim2016	midazolam_ginseng	15.0	all	concentration	plasma	midazolam	caffeine200mg, losartan50mg, omeprazole20mg, dex15mg, midazolam7.5mg, fexofenadine30mg,ginseng	8.0	hr	2.9581063	4.28316365373589	1.1059081	ng/ml	LC/MS
Kim2016	midazolam_ginseng	15.0	all	concentration	plasma	midazolam	caffeine200mg, losartan50mg, omeprazole20mg, dex15mg, midazolam7.5mg, fexofenadine30mg,ginseng	10.0	hr	2.423282	2.14103244418028	0.5528122	ng/ml	LC/MS
Kim2016	midazolam_ginseng	15.0	all	concentration	plasma	midazolam	caffeine200mg, losartan50mg, omeprazole20mg, dex15mg, midazolam7.5mg, fexofenadine30mg,ginseng	12.0	hr	1.5567416	2.57000756529123	0.6635731	ng/ml	LC/MS
Kim2016	ohmid1_control	15.0	all	concentration	plasma	1-hydroxymidazolam	caffeine200mg, losartan50mg, omeprazole20mg, dex15mg, midazolam7.5mg, fexofenadine30mg	0.0	hr	0.0	NA	NA	ng/ml	LC/MS
Kim2016	ohmid1_control	15.0	all	concentration	plasma	1-hydroxymidazolam	caffeine200mg, losartan50mg, omeprazole20mg, dex15mg, midazolam7.5mg, fexofenadine30mg	0.125	hr	0.6147541	4.28567838182258	1.1065574	ng/ml	LC/MS
Kim2016	ohmid1_control	15.0	all	concentration	plasma	1-hydroxymidazolam	caffeine200mg, losartan50mg, omeprazole20mg, dex15mg, midazolam7.5mg, fexofenadine30mg	0.25	hr	4.057377	6.19042553422743	1.598361	ng/ml	LC/MS
Kim2016	ohmid1_control	15.0	all	concentration	plasma	1-hydroxymidazolam	caffeine200mg, losartan50mg, omeprazole20mg, dex15mg, midazolam7.5mg, fexofenadine30mg	0.5	hr	54.590164	12.8570343708711	3.319672	ng/ml	LC/MS
Kim2016	ohmid1_control	15.0	all	concentration	plasma	1-hydroxymidazolam	caffeine200mg, losartan50mg, omeprazole20mg, dex15mg, midazolam7.5mg, fexofenadine30mg	1.0	hr	39.836067	5.71422673987785	1.475407	ng/ml	LC/MS
Kim2016	ohmid1_control	15.0	all	concentration	plasma	1-hydroxymidazolam	caffeine200mg, losartan50mg, omeprazole20mg, dex15mg, midazolam7.5mg, fexofenadine30mg	1.5	hr	28.647541	5.71424223181123	1.475411	ng/ml	LC/MS
Kim2016	ohmid1_control	15.0	all	concentration	plasma	1-hydroxymidazolam	caffeine200mg, losartan50mg, omeprazole20mg, dex15mg, midazolam7.5mg, fexofenadine30mg	2.0	hr	22.622952	6.19042166124409	1.59836	ng/ml	LC/MS
Kim2016	ohmid1_control	15.0	all	concentration	plasma	1-hydroxymidazolam	caffeine200mg, losartan50mg, omeprazole20mg, dex15mg, midazolam7.5mg, fexofenadine30mg	3.0	hr	7.008197	9.52372801605758	2.459016	ng/ml	LC/MS
Kim2016	ohmid1_control	15.0	all	concentration	plasma	1-hydroxymidazolam	caffeine200mg, losartan50mg, omeprazole20mg, dex15mg, midazolam7.5mg, fexofenadine30mg	4.0	hr	0.73770493	6.66661026964747	1.72131137	ng/ml	LC/MS
Kim2016	ohmid1_control	15.0	all	concentration	plasma	1-hydroxymidazolam	caffeine200mg, losartan50mg, omeprazole20mg, dex15mg, midazolam7.5mg, fexofenadine30mg	5.0	hr	0.0	3.8094919810197	0.9836066	ng/ml	LC/MS
Kim2016	ohmid1_control	15.0	all	concentration	plasma	1-hydroxymidazolam	caffeine200mg, losartan50mg, omeprazole20mg, dex15mg, midazolam7.5mg, fexofenadine30mg	6.0	hr	0.12295082	2.85711871465594	0.73770488	ng/ml	LC/MS
Kim2016	ohmid1_control	15.0	all	concentration	plasma	1-hydroxymidazolam	caffeine200mg, losartan50mg, omeprazole20mg, dex15mg, midazolam7.5mg, fexofenadine30mg	8.0	hr	0.12295082	2.85711871465594	0.73770488	ng/ml	LC/MS
Kim2016	ohmid1_control	15.0	all	concentration	plasma	1-hydroxymidazolam	caffeine200mg, losartan50mg, omeprazole20mg, dex15mg, midazolam7.5mg, fexofenadine30mg	10.0	hr	0.12295082	2.85711871465594	0.73770488	ng/ml	LC/MS
Kim2016	ohmid1_control	15.0	all	concentration	plasma	1-hydroxymidazolam	caffeine200mg, losartan50mg, omeprazole20mg, dex15mg, midazolam7.5mg, fexofenadine30mg	12.0	hr	0.0	NA	NA	ng/ml	LC/MS
Kim2016	ohmid1_ginseng	15.0	all	concentration	plasma	1-hydroxymidazolam	caffeine200mg, losartan50mg, omeprazole20mg, dex15mg, midazolam7.5mg, fexofenadine30mg,ginseng	0.0	hr	0.0	3.33330519291849	0.8606557	ng/ml	LC/MS
Kim2016	ohmid1_ginseng	15.0	all	concentration	plasma	1-hydroxymidazolam	caffeine200mg, losartan50mg, omeprazole20mg, dex15mg, midazolam7.5mg, fexofenadine30mg,ginseng	0.125	hr	0.36885247	2.85711890830511	0.73770493	ng/ml	LC/MS
Kim2016	ohmid1_ginseng	15.0	all	concentration	plasma	1-hydroxymidazolam	caffeine200mg, losartan50mg, omeprazole20mg, dex15mg, midazolam7.5mg, fexofenadine30mg,ginseng	0.25	hr	0.4918033	9.52372956525092	2.4590164	ng/ml	LC/MS
Kim2016	ohmid1_ginseng	15.0	all	concentration	plasma	1-hydroxymidazolam	caffeine200mg, losartan50mg, omeprazole20mg, dex15mg, midazolam7.5mg, fexofenadine30mg,ginseng	0.5	hr	36.393444	17.6188945059165	4.549179	ng/ml	LC/MS
Kim2016	ohmid1_ginseng	15.0	all	concentration	plasma	1-hydroxymidazolam	caffeine200mg, losartan50mg, omeprazole20mg, dex15mg, midazolam7.5mg, fexofenadine30mg,ginseng	1.0	hr	31.59836	6.66660496366029	1.72131	ng/ml	LC/MS
Kim2016	ohmid1_ginseng	15.0	all	concentration	plasma	1-hydroxymidazolam	caffeine200mg, losartan50mg, omeprazole20mg, dex15mg, midazolam7.5mg, fexofenadine30mg,ginseng	1.5	hr	28.52459	5.71423835882789	1.47541	ng/ml	LC/MS
Kim2016	ohmid1_ginseng	15.0	all	concentration	plasma	1-hydroxymidazolam	caffeine200mg, losartan50mg, omeprazole20mg, dex15mg, midazolam7.5mg, fexofenadine30mg,ginseng	2.0	hr	25.450819	3.8094896572297	0.983606000000002	ng/ml	LC/MS
Kim2016	ohmid1_ginseng	15.0	all	concentration	plasma	1-hydroxymidazolam	caffeine200mg, losartan50mg, omeprazole20mg, dex15mg, midazolam7.5mg, fexofenadine30mg,ginseng	3.0	hr	10.5737705	2.85712111590562	0.737705500000001	ng/ml	LC/MS
Kim2016	ohmid1_ginseng	15.0	all	concentration	plasma	1-hydroxymidazolam	caffeine200mg, losartan50mg, omeprazole20mg, dex15mg, midazolam7.5mg, fexofenadine30mg,ginseng	4.0	hr	3.442623	1.90474599050985	0.4918033	ng/ml	LC/MS
Kim2016	ohmid1_ginseng	15.0	all	concentration	plasma	1-hydroxymidazolam	caffeine200mg, losartan50mg, omeprazole20mg, dex15mg, midazolam7.5mg, fexofenadine30mg,ginseng	5.0	hr	0.12295082	2.85711871465594	0.73770488	ng/ml	LC/MS
Kim2016	ohmid1_ginseng	15.0	all	concentration	plasma	1-hydroxymidazolam	caffeine200mg, losartan50mg, omeprazole20mg, dex15mg, midazolam7.5mg, fexofenadine30mg,ginseng	6.0	hr	0.24590164	1.90474595178002	0.49180329	ng/ml	LC/MS
Kim2016	ohmid1_ginseng	15.0	all	concentration	plasma	1-hydroxymidazolam	caffeine200mg, losartan50mg, omeprazole20mg, dex15mg, midazolam7.5mg, fexofenadine30mg,ginseng	8.0	hr	0.0	3.33330519291849	0.8606557	ng/ml	LC/MS
Kim2016	ohmid1_ginseng	15.0	all	concentration	plasma	1-hydroxymidazolam	caffeine200mg, losartan50mg, omeprazole20mg, dex15mg, midazolam7.5mg, fexofenadine30mg,ginseng	10.0	hr	0.0	2.85711890830511	0.73770493	ng/ml	LC/MS
Kim2016	ohmid1_ginseng	15.0	all	concentration	plasma	1-hydroxymidazolam	caffeine200mg, losartan50mg, omeprazole20mg, dex15mg, midazolam7.5mg, fexofenadine30mg,ginseng	12.0	hr	0.0	2.38093239131273	0.6147541	ng/ml	LC/MS
Kim2016	fexofenadine_control	15.0	all	concentration	plasma	fexofenadine	caffeine200mg, losartan50mg, omeprazole20mg, dex15mg, midazolam7.5mg, fexofenadine30mg	0.0	hr	0.0	NA	NA	ng/ml	LC/MS
Kim2016	fexofenadine_control	15.0	all	concentration	plasma	fexofenadine	caffeine200mg, losartan50mg, omeprazole20mg, dex15mg, midazolam7.5mg, fexofenadine30mg	0.25	hr	3.5728953	7.15746454916861	1.8480494	ng/ml	LC/MS
Kim2016	fexofenadine_control	15.0	all	concentration	plasma	fexofenadine	caffeine200mg, losartan50mg, omeprazole20mg, dex15mg, midazolam7.5mg, fexofenadine30mg	0.5	hr	54.209446	13.360599665545	3.449692	ng/ml	LC/MS
Kim2016	fexofenadine_control	15.0	all	concentration	plasma	fexofenadine	caffeine200mg, losartan50mg, omeprazole20mg, dex15mg, midazolam7.5mg, fexofenadine30mg	1.0	hr	39.917866	7.15746299997527	1.848049	ng/ml	LC/MS
Kim2016	fexofenadine_control	15.0	all	concentration	plasma	fexofenadine	caffeine200mg, losartan50mg, omeprazole20mg, dex15mg, midazolam7.5mg, fexofenadine30mg	1.5	hr	28.952772	6.68029983277248	1.724846	ng/ml	LC/MS
Kim2016	fexofenadine_control	15.0	all	concentration	plasma	fexofenadine	caffeine200mg, losartan50mg, omeprazole20mg, dex15mg, midazolam7.5mg, fexofenadine30mg	2.0	hr	21.190966	10.4976129163615	2.710472	ng/ml	LC/MS
Kim2016	fexofenadine_control	15.0	all	concentration	plasma	fexofenadine	caffeine200mg, losartan50mg, omeprazole20mg, dex15mg, midazolam7.5mg, fexofenadine30mg	3.0	hr	7.0225873	4.29447896188017	1.1088297	ng/ml	LC/MS
Kim2016	fexofenadine_control	15.0	all	concentration	plasma	fexofenadine	caffeine200mg, losartan50mg, omeprazole20mg, dex15mg, midazolam7.5mg, fexofenadine30mg	4.0	hr	0.862423	3.34014991638624	0.862423	ng/ml	LC/MS
Kim2016	fexofenadine_control	15.0	all	concentration	plasma	fexofenadine	caffeine200mg, losartan50mg, omeprazole20mg, dex15mg, midazolam7.5mg, fexofenadine30mg	5.0	hr	1.1368684e-13	3.81731424548359	0.985626299999886	ng/ml	LC/MS
Kim2016	fexofenadine_control	15.0	all	concentration	plasma	fexofenadine	caffeine200mg, losartan50mg, omeprazole20mg, dex15mg, midazolam7.5mg, fexofenadine30mg	6.0	hr	1.1368684e-13	3.81731424548359	0.985626299999886	ng/ml	LC/MS
Kim2016	fexofenadine_control	15.0	all	concentration	plasma	fexofenadine	caffeine200mg, losartan50mg, omeprazole20mg, dex15mg, midazolam7.5mg, fexofenadine30mg	8.0	hr	0.0	2.38582145183981	0.61601645	ng/ml	LC/MS
Kim2016	fexofenadine_control	15.0	all	concentration	plasma	fexofenadine	caffeine200mg, losartan50mg, omeprazole20mg, dex15mg, midazolam7.5mg, fexofenadine30mg	10.0	hr	1.1368684e-13	3.3401499163858	0.862422999999886	ng/ml	LC/MS
Kim2016	fexofenadine_control	15.0	all	concentration	plasma	fexofenadine	caffeine200mg, losartan50mg, omeprazole20mg, dex15mg, midazolam7.5mg, fexofenadine30mg	12.0	hr	1.1368684e-13	3.3401499163858	0.862422999999886	ng/ml	LC/MS
Kim2016	fexofenadine_ginseng	15.0	all	concentration	plasma	fexofenadine	caffeine200mg, losartan50mg, omeprazole20mg, dex15mg, midazolam7.5mg, fexofenadine30mg,ginseng	0.0	hr	0.0	NA	NA	ng/ml	LC/MS
Kim2016	fexofenadine_ginseng	15.0	all	concentration	plasma	fexofenadine	caffeine200mg, losartan50mg, omeprazole20mg, dex15mg, midazolam7.5mg, fexofenadine30mg,ginseng	0.25	hr	1.1088296	5.72597117457689	1.4784394	ng/ml	LC/MS
Kim2016	fexofenadine_ginseng	15.0	all	concentration	plasma	fexofenadine	caffeine200mg, losartan50mg, omeprazole20mg, dex15mg, midazolam7.5mg, fexofenadine30mg,ginseng	0.5	hr	36.221767	14.79209691312	3.819303	ng/ml	LC/MS
Kim2016	fexofenadine_ginseng	15.0	all	concentration	plasma	fexofenadine	caffeine200mg, losartan50mg, omeprazole20mg, dex15mg, midazolam7.5mg, fexofenadine30mg,ginseng	1.0	hr	31.786448	6.68030370575583	1.724847	ng/ml	LC/MS
Kim2016	fexofenadine_ginseng	15.0	all	concentration	plasma	fexofenadine	caffeine200mg, losartan50mg, omeprazole20mg, dex15mg, midazolam7.5mg, fexofenadine30mg,ginseng	1.5	hr	28.706366	5.72596962538355	1.478439	ng/ml	LC/MS
Kim2016	fexofenadine_ginseng	15.0	all	concentration	plasma	fexofenadine	caffeine200mg, losartan50mg, omeprazole20mg, dex15mg, midazolam7.5mg, fexofenadine30mg,ginseng	2.0	hr	25.256674	4.77164329097796	1.232033	ng/ml	LC/MS
Kim2016	fexofenadine_ginseng	15.0	all	concentration	plasma	fexofenadine	caffeine200mg, losartan50mg, omeprazole20mg, dex15mg, midazolam7.5mg, fexofenadine30mg,ginseng	3.0	hr	10.47228	2.8629828762001	0.739219	ng/ml	LC/MS
Kim2016	fexofenadine_ginseng	15.0	all	concentration	plasma	fexofenadine	caffeine200mg, losartan50mg, omeprazole20mg, dex15mg, midazolam7.5mg, fexofenadine30mg,ginseng	4.0	hr	3.3264887	3.34015107828124	0.8624233	ng/ml	LC/MS
Kim2016	fexofenadine_ginseng	15.0	all	concentration	plasma	fexofenadine	caffeine200mg, losartan50mg, omeprazole20mg, dex15mg, midazolam7.5mg, fexofenadine30mg,ginseng	5.0	hr	1.1368684e-13	3.3401499163858	0.862422999999886	ng/ml	LC/MS
Kim2016	fexofenadine_ginseng	15.0	all	concentration	plasma	fexofenadine	caffeine200mg, losartan50mg, omeprazole20mg, dex15mg, midazolam7.5mg, fexofenadine30mg,ginseng	6.0	hr	1.1368684e-13	3.81731424548359	0.985626299999886	ng/ml	LC/MS
Kim2016	fexofenadine_ginseng	15.0	all	concentration	plasma	fexofenadine	caffeine200mg, losartan50mg, omeprazole20mg, dex15mg, midazolam7.5mg, fexofenadine30mg,ginseng	8.0	hr	1.1368684e-13	3.81731424548359	0.985626299999886	ng/ml	LC/MS
Kim2016	fexofenadine_ginseng	15.0	all	concentration	plasma	fexofenadine	caffeine200mg, losartan50mg, omeprazole20mg, dex15mg, midazolam7.5mg, fexofenadine30mg,ginseng	10.0	hr	1.1368684e-13	2.862985587288	0.739219699999886	ng/ml	LC/MS
Kim2016	fexofenadine_ginseng	15.0	all	concentration	plasma	fexofenadine	caffeine200mg, losartan50mg, omeprazole20mg, dex15mg, midazolam7.5mg, fexofenadine30mg,ginseng	12.0	hr	1.1368684e-13	2.862985587288	0.739219699999886	ng/ml	LC/MS
